date,query,clicks,impressions,position
2026-03-08,materiales estación tycho sector 7,245,5030,7.2
2026-03-08,construcción estación tycho sector 7,229,5095,7.2
2026-03-08,suministros sector 7 tycho,227,5228,7.2
2026-03-08,nave 7 tycho construcción,161,2820,6.1
2026-03-08,proyecto nave 7 estación tycho,165,2857,6.1
2026-03-08,integración motores nave 7,160,2952,6.1
2026-03-08,tycho estación aduanas muelle,45,1569,11.5
2026-03-08,opa formación seguridad muelle,46,1568,11.5
2026-03-09,materiales estación tycho sector 7,268,5967,7.2
2026-03-09,construcción estación tycho sector 7,275,6108,7.2
2026-03-09,suministros sector 7 tycho,294,5990,7.2
2026-03-09,nave 7 tycho construcción,197,3310,6.1
2026-03-09,proyecto nave 7 estación tycho,186,3461,6.1
2026-03-09,integración motores nave 7,191,3301,6.1
2026-03-09,tycho estación aduanas muelle,54,1811,11.5
2026-03-09,opa formación seguridad muelle,57,1830,11.5
2026-03-10,materiales estación tycho sector 7,288,5975,7.2
2026-03-10,construcción estación tycho sector 7,272,5903,7.2
2026-03-10,suministros sector 7 tycho,277,6474,7.2
2026-03-10,nave 7 tycho construcción,190,3566,6.1
2026-03-10,proyecto nave 7 estación tycho,193,3493,6.1
2026-03-10,integración motores nave 7,202,3284,6.1
2026-03-10,tycho estación aduanas muelle,53,1737,11.5
2026-03-10,opa formación seguridad muelle,56,1726,11.5
2026-03-11,materiales estación tycho sector 7,269,5983,7.2
2026-03-11,construcción estación tycho sector 7,293,5911,7.2
2026-03-11,suministros sector 7 tycho,289,6173,7.2
2026-03-11,nave 7 tycho construcción,194,3450,6.1
2026-03-11,proyecto nave 7 estación tycho,203,3507,6.1
2026-03-11,integración motores nave 7,192,3538,6.1
2026-03-11,tycho estación aduanas muelle,57,1764,11.5
2026-03-11,opa formación seguridad muelle,54,1750,11.5
2026-03-12,materiales estación tycho sector 7,272,6445,7.2
2026-03-12,construcción estación tycho sector 7,283,6206,7.2
2026-03-12,suministros sector 7 tycho,294,6306,7.2
2026-03-12,nave 7 tycho construcción,188,3491,6.1
2026-03-12,proyecto nave 7 estación tycho,197,3231,6.1
2026-03-12,integración motores nave 7,199,3487,6.1
2026-03-12,tycho estación aduanas muelle,56,1716,11.5
2026-03-12,opa formación seguridad muelle,55,1770,11.5
2026-03-13,materiales estación tycho sector 7,275,6194,7.2
2026-03-13,construcción estación tycho sector 7,280,5908,7.2
2026-03-13,suministros sector 7 tycho,291,6501,7.2
2026-03-13,nave 7 tycho construcción,190,3548,6.1
2026-03-13,proyecto nave 7 estación tycho,204,3455,6.1
2026-03-13,integración motores nave 7,204,3504,6.1
2026-03-13,tycho estación aduanas muelle,58,1801,11.5
2026-03-13,opa formación seguridad muelle,53,1803,11.5
2026-03-14,materiales estación tycho sector 7,236,5429,7.2
2026-03-14,construcción estación tycho sector 7,226,5092,7.2
2026-03-14,suministros sector 7 tycho,235,5117,7.2
2026-03-14,nave 7 tycho construcción,171,2769,6.1
2026-03-14,proyecto nave 7 estación tycho,171,2783,6.1
2026-03-14,integración motores nave 7,174,2787,6.1
2026-03-14,tycho estación aduanas muelle,49,1601,11.5
2026-03-14,opa formación seguridad muelle,46,1584,11.5
2026-03-15,materiales estación tycho sector 7,245,5476,7.2
2026-03-15,construcción estación tycho sector 7,244,5486,7.2
2026-03-15,suministros sector 7 tycho,241,5008,7.2
2026-03-15,nave 7 tycho construcción,167,2760,6.1
2026-03-15,proyecto nave 7 estación tycho,166,2857,6.1
2026-03-15,integración motores nave 7,162,2893,6.1
2026-03-15,tycho estación aduanas muelle,46,1489,11.5
2026-03-15,opa formación seguridad muelle,47,1507,11.5
2026-03-16,materiales estación tycho sector 7,269,6199,7.2
2026-03-16,construcción estación tycho sector 7,287,6260,7.2
2026-03-16,suministros sector 7 tycho,282,5927,7.2
2026-03-16,nave 7 tycho construcción,201,3567,6.1
2026-03-16,proyecto nave 7 estación tycho,197,3346,6.1
2026-03-16,integración motores nave 7,191,3509,6.1
2026-03-16,tycho estación aduanas muelle,57,1846,11.5
2026-03-16,opa formación seguridad muelle,57,1848,11.5
2026-03-17,materiales estación tycho sector 7,282,6270,7.2
2026-03-17,construcción estación tycho sector 7,282,6018,7.2
2026-03-17,suministros sector 7 tycho,279,6167,7.2
2026-03-17,nave 7 tycho construcción,197,3241,6.1
2026-03-17,proyecto nave 7 estación tycho,190,3462,6.1
2026-03-17,integración motores nave 7,186,3519,6.1
2026-03-17,tycho estación aduanas muelle,53,1828,11.5
2026-03-17,opa formación seguridad muelle,57,1784,11.5
2026-03-18,materiales estación tycho sector 7,294,6328,7.2
2026-03-18,construcción estación tycho sector 7,270,6193,7.2
2026-03-18,suministros sector 7 tycho,268,6158,7.2
2026-03-18,nave 7 tycho construcción,201,3248,6.1
2026-03-18,proyecto nave 7 estación tycho,190,3481,6.1
2026-03-18,integración motores nave 7,199,3361,6.1
2026-03-18,tycho estación aduanas muelle,56,1834,11.5
2026-03-18,opa formación seguridad muelle,57,1734,11.5
2026-03-19,materiales estación tycho sector 7,292,6343,7.2
2026-03-19,construcción estación tycho sector 7,271,5962,7.2
2026-03-19,suministros sector 7 tycho,294,6068,7.2
2026-03-19,nave 7 tycho construcción,203,3320,6.1
2026-03-19,proyecto nave 7 estación tycho,186,3411,6.1
2026-03-19,integración motores nave 7,201,3243,6.1
2026-03-19,tycho estación aduanas muelle,54,1782,11.5
2026-03-19,opa formación seguridad muelle,57,1788,11.5
2026-03-20,materiales estación tycho sector 7,272,5957,7.2
2026-03-20,construcción estación tycho sector 7,276,6397,7.2
2026-03-20,suministros sector 7 tycho,275,6049,7.2
2026-03-20,nave 7 tycho construcción,194,3372,6.1
2026-03-20,proyecto nave 7 estación tycho,202,3564,6.1
2026-03-20,integración motores nave 7,204,3418,6.1
2026-03-20,tycho estación aduanas muelle,56,1829,11.5
2026-03-20,opa formación seguridad muelle,54,1848,11.5
2026-03-21,materiales estación tycho sector 7,235,5253,7.2
2026-03-21,construcción estación tycho sector 7,234,5424,7.2
2026-03-21,suministros sector 7 tycho,244,5129,7.2
2026-03-21,nave 7 tycho construcción,170,2928,6.1
2026-03-21,proyecto nave 7 estación tycho,162,2907,6.1
2026-03-21,integración motores nave 7,169,2756,6.1
2026-03-21,tycho estación aduanas muelle,46,1595,11.5
2026-03-21,opa formación seguridad muelle,48,1533,11.5
2026-03-22,materiales estación tycho sector 7,240,5124,7.2
2026-03-22,construcción estación tycho sector 7,247,5363,7.2
2026-03-22,suministros sector 7 tycho,248,5103,7.2
2026-03-22,nave 7 tycho construcción,171,2963,6.1
2026-03-22,proyecto nave 7 estación tycho,163,2946,6.1
2026-03-22,integración motores nave 7,158,2956,6.1
2026-03-22,tycho estación aduanas muelle,46,1529,11.5
2026-03-22,opa formación seguridad muelle,49,1527,11.5
2026-03-23,materiales estación tycho sector 7,286,6440,7.2
2026-03-23,construcción estación tycho sector 7,293,6193,7.2
2026-03-23,suministros sector 7 tycho,267,6078,7.2
2026-03-23,nave 7 tycho construcción,193,3567,6.1
2026-03-23,proyecto nave 7 estación tycho,198,3387,6.1
2026-03-23,integración motores nave 7,202,3397,6.1
2026-03-23,tycho estación aduanas muelle,58,1750,11.5
2026-03-23,opa formación seguridad muelle,53,1737,11.5
2026-03-24,materiales estación tycho sector 7,269,6098,7.2
2026-03-24,construcción estación tycho sector 7,279,6203,7.2
2026-03-24,suministros sector 7 tycho,270,6449,7.2
2026-03-24,nave 7 tycho construcción,199,3351,6.1
2026-03-24,proyecto nave 7 estación tycho,203,3452,6.1
2026-03-24,integración motores nave 7,192,3340,6.1
2026-03-24,tycho estación aduanas muelle,55,1810,11.5
2026-03-24,opa formación seguridad muelle,52,1797,11.5
2026-03-25,materiales estación tycho sector 7,286,6315,7.2
2026-03-25,construcción estación tycho sector 7,267,6180,7.2
2026-03-25,suministros sector 7 tycho,270,5954,7.2
2026-03-25,nave 7 tycho construcción,200,3475,6.1
2026-03-25,proyecto nave 7 estación tycho,201,3490,6.1
2026-03-25,integración motores nave 7,192,3310,6.1
2026-03-25,tycho estación aduanas muelle,57,1802,11.5
2026-03-25,opa formación seguridad muelle,57,1817,11.5
2026-03-26,materiales estación tycho sector 7,291,6236,7.2
2026-03-26,construcción estación tycho sector 7,288,6162,7.2
2026-03-26,suministros sector 7 tycho,290,6505,7.2
2026-03-26,nave 7 tycho construcción,197,3302,6.1
2026-03-26,proyecto nave 7 estación tycho,189,3556,6.1
2026-03-26,integración motores nave 7,202,3528,6.1
2026-03-26,tycho estación aduanas muelle,57,1726,11.5
2026-03-26,opa formación seguridad muelle,53,1729,11.5
2026-03-27,materiales estación tycho sector 7,279,6058,7.2
2026-03-27,construcción estación tycho sector 7,285,6194,7.2
2026-03-27,suministros sector 7 tycho,280,6445,7.2
2026-03-27,nave 7 tycho construcción,203,3404,6.1
2026-03-27,proyecto nave 7 estación tycho,202,3563,6.1
2026-03-27,integración motores nave 7,195,3232,6.1
2026-03-27,tycho estación aduanas muelle,53,1735,11.5
2026-03-27,opa formación seguridad muelle,53,1782,11.5
2026-03-28,materiales estación tycho sector 7,237,5189,7.2
2026-03-28,construcción estación tycho sector 7,246,5354,7.2
2026-03-28,suministros sector 7 tycho,235,5407,7.2
2026-03-28,nave 7 tycho construcción,173,2790,6.1
2026-03-28,proyecto nave 7 estación tycho,158,2928,6.1
2026-03-28,integración motores nave 7,162,2940,6.1
2026-03-28,tycho estación aduanas muelle,48,1475,11.5
2026-03-28,opa formación seguridad muelle,48,1560,11.5
2026-03-29,materiales estación tycho sector 7,237,5226,7.2
2026-03-29,construcción estación tycho sector 7,227,5325,7.2
2026-03-29,suministros sector 7 tycho,237,5036,7.2
2026-03-29,nave 7 tycho construcción,164,2835,6.1
2026-03-29,proyecto nave 7 estación tycho,161,2765,6.1
2026-03-29,integración motores nave 7,174,2748,6.1
2026-03-29,tycho estación aduanas muelle,49,1533,11.5
2026-03-29,opa formación seguridad muelle,47,1542,11.5
2026-03-30,materiales estación tycho sector 7,278,6437,7.2
2026-03-30,construcción estación tycho sector 7,293,6222,7.2
2026-03-30,suministros sector 7 tycho,294,6281,7.2
2026-03-30,nave 7 tycho construcción,190,3323,6.1
2026-03-30,proyecto nave 7 estación tycho,188,3515,6.1
2026-03-30,integración motores nave 7,193,3285,6.1
2026-03-30,tycho estación aduanas muelle,56,1752,11.5
2026-03-30,opa formación seguridad muelle,54,1870,11.5
2026-03-31,materiales estación tycho sector 7,286,6346,7.2
2026-03-31,construcción estación tycho sector 7,275,6015,7.2
2026-03-31,suministros sector 7 tycho,280,6381,7.2
2026-03-31,nave 7 tycho construcción,197,3517,6.1
2026-03-31,proyecto nave 7 estación tycho,199,3560,6.1
2026-03-31,integración motores nave 7,187,3536,6.1
2026-03-31,tycho estación aduanas muelle,57,1727,11.5
2026-03-31,opa formación seguridad muelle,55,1778,11.5
2026-04-01,materiales estación tycho sector 7,267,6210,7.2
2026-04-01,construcción estación tycho sector 7,273,6081,7.2
2026-04-01,suministros sector 7 tycho,279,6289,7.2
2026-04-01,nave 7 tycho construcción,193,3544,6.1
2026-04-01,proyecto nave 7 estación tycho,199,3473,6.1
2026-04-01,integración motores nave 7,192,3394,6.1
2026-04-01,tycho estación aduanas muelle,53,1757,11.5
2026-04-01,opa formación seguridad muelle,55,1745,11.5
2026-04-02,materiales estación tycho sector 7,284,6074,7.2
2026-04-02,construcción estación tycho sector 7,281,6056,7.2
2026-04-02,suministros sector 7 tycho,273,6000,7.2
2026-04-02,nave 7 tycho construcción,188,3254,6.1
2026-04-02,proyecto nave 7 estación tycho,187,3566,6.1
2026-04-02,integración motores nave 7,187,3382,6.1
2026-04-02,tycho estación aduanas muelle,58,1723,11.5
2026-04-02,opa formación seguridad muelle,54,1768,11.5
2026-04-03,materiales estación tycho sector 7,282,6104,7.2
2026-04-03,construcción estación tycho sector 7,271,6034,7.2
2026-04-03,suministros sector 7 tycho,278,5926,7.2
2026-04-03,nave 7 tycho construcción,190,3488,6.1
2026-04-03,proyecto nave 7 estación tycho,199,3483,6.1
2026-04-03,integración motores nave 7,203,3406,6.1
2026-04-03,tycho estación aduanas muelle,57,1846,11.5
2026-04-03,opa formación seguridad muelle,57,1821,11.5
2026-04-04,materiales estación tycho sector 7,239,5450,7.2
2026-04-04,construcción estación tycho sector 7,246,5346,7.2
2026-04-04,suministros sector 7 tycho,235,5156,7.2
2026-04-04,nave 7 tycho construcción,161,2885,6.1
2026-04-04,proyecto nave 7 estación tycho,171,2855,6.1
2026-04-04,integración motores nave 7,170,2980,6.1
2026-04-04,tycho estación aduanas muelle,46,1490,11.5
2026-04-04,opa formación seguridad muelle,45,1571,11.5
2026-04-05,materiales estación tycho sector 7,226,5467,7.2
2026-04-05,construcción estación tycho sector 7,248,5273,7.2
2026-04-05,suministros sector 7 tycho,234,5482,7.2
2026-04-05,nave 7 tycho construcción,167,2972,6.1
2026-04-05,proyecto nave 7 estación tycho,166,2999,6.1
2026-04-05,integración motores nave 7,164,2818,6.1
2026-04-05,tycho estación aduanas muelle,49,1515,11.5
2026-04-05,opa formación seguridad muelle,49,1551,11.5
2026-04-06,materiales estación tycho sector 7,277,6311,7.2
2026-04-06,construcción estación tycho sector 7,274,6331,7.2
2026-04-06,suministros sector 7 tycho,280,6071,7.2
2026-04-06,nave 7 tycho construcción,188,3245,6.1
2026-04-06,proyecto nave 7 estación tycho,192,3557,6.1
2026-04-06,integración motores nave 7,200,3514,6.1
2026-04-06,tycho estación aduanas muelle,57,1799,11.5
2026-04-06,opa formación seguridad muelle,56,1885,11.5
2026-04-07,materiales estación tycho sector 7,278,6099,7.2
2026-04-07,construcción estación tycho sector 7,283,6488,7.2
2026-04-07,suministros sector 7 tycho,287,6326,7.2
2026-04-07,nave 7 tycho construcción,197,3327,6.1
2026-04-07,proyecto nave 7 estación tycho,197,3506,6.1
2026-04-07,integración motores nave 7,192,3302,6.1
2026-04-07,tycho estación aduanas muelle,56,1831,11.5
2026-04-07,opa formación seguridad muelle,54,1851,11.5
2026-04-08,materiales estación tycho sector 7,289,6225,7.2
2026-04-08,construcción estación tycho sector 7,271,6457,7.2
2026-04-08,suministros sector 7 tycho,277,6439,7.2
2026-04-08,nave 7 tycho construcción,203,3351,6.1
2026-04-08,proyecto nave 7 estación tycho,201,3353,6.1
2026-04-08,integración motores nave 7,196,3460,6.1
2026-04-08,tycho estación aduanas muelle,54,1830,11.5
2026-04-08,opa formación seguridad muelle,54,1730,11.5
2026-04-09,materiales estación tycho sector 7,286,6016,7.2
2026-04-09,construcción estación tycho sector 7,278,5958,7.2
2026-04-09,suministros sector 7 tycho,293,5987,7.2
2026-04-09,nave 7 tycho construcción,202,3324,6.1
2026-04-09,proyecto nave 7 estación tycho,199,3505,6.1
2026-04-09,integración motores nave 7,199,3371,6.1
2026-04-09,tycho estación aduanas muelle,56,1787,11.5
2026-04-09,opa formación seguridad muelle,55,1828,11.5
2026-04-10,materiales estación tycho sector 7,270,5899,7.2
2026-04-10,construcción estación tycho sector 7,287,5900,7.2
2026-04-10,suministros sector 7 tycho,289,5921,7.2
2026-04-10,nave 7 tycho construcción,193,3534,6.1
2026-04-10,proyecto nave 7 estación tycho,189,3560,6.1
2026-04-10,integración motores nave 7,201,3505,6.1
2026-04-10,tycho estación aduanas muelle,53,1753,11.5
2026-04-10,opa formación seguridad muelle,55,1854,11.5
2026-04-11,materiales estación tycho sector 7,226,5050,7.2
2026-04-11,construcción estación tycho sector 7,245,5346,7.2
2026-04-11,suministros sector 7 tycho,241,5478,7.2
2026-04-11,nave 7 tycho construcción,164,2857,6.1
2026-04-11,proyecto nave 7 estación tycho,164,2860,6.1
2026-04-11,integración motores nave 7,160,2947,6.1
2026-04-11,tycho estación aduanas muelle,45,1595,11.5
2026-04-11,opa formación seguridad muelle,45,1535,11.5
2026-04-12,materiales estación tycho sector 7,237,5111,7.2
2026-04-12,construcción estación tycho sector 7,237,5038,7.2
2026-04-12,suministros sector 7 tycho,249,5245,7.2
2026-04-12,nave 7 tycho construcción,169,2946,6.1
2026-04-12,proyecto nave 7 estación tycho,162,2752,6.1
2026-04-12,integración motores nave 7,162,3020,6.1
2026-04-12,tycho estación aduanas muelle,49,1500,11.5
2026-04-12,opa formación seguridad muelle,49,1579,11.5
2026-04-13,materiales estación tycho sector 7,291,6102,7.2
2026-04-13,construcción estación tycho sector 7,287,6326,7.2
2026-04-13,suministros sector 7 tycho,269,5933,7.2
2026-04-13,nave 7 tycho construcción,191,3398,6.1
2026-04-13,proyecto nave 7 estación tycho,186,3316,6.1
2026-04-13,integración motores nave 7,198,3235,6.1
2026-04-13,tycho estación aduanas muelle,58,1878,11.5
2026-04-13,opa formación seguridad muelle,54,1717,11.5
2026-04-14,materiales estación tycho sector 7,270,6467,7.2
2026-04-14,construcción estación tycho sector 7,278,6461,7.2
2026-04-14,suministros sector 7 tycho,282,5934,7.2
2026-04-14,nave 7 tycho construcción,204,3248,6.1
2026-04-14,proyecto nave 7 estación tycho,193,3387,6.1
2026-04-14,integración motores nave 7,189,3420,6.1
2026-04-14,tycho estación aduanas muelle,56,1747,11.5
2026-04-14,opa formación seguridad muelle,54,1790,11.5
2026-04-15,materiales estación tycho sector 7,286,5968,7.2
2026-04-15,construcción estación tycho sector 7,274,6250,7.2
2026-04-15,suministros sector 7 tycho,283,5995,7.2
2026-04-15,nave 7 tycho construcción,194,3433,6.1
2026-04-15,proyecto nave 7 estación tycho,190,3547,6.1
2026-04-15,integración motores nave 7,196,3315,6.1
2026-04-15,tycho estación aduanas muelle,55,1804,11.5
2026-04-15,opa formación seguridad muelle,56,1869,11.5
2026-04-16,materiales estación tycho sector 7,288,6277,7.2
2026-04-16,construcción estación tycho sector 7,269,6384,7.2
2026-04-16,suministros sector 7 tycho,282,6163,7.2
2026-04-16,nave 7 tycho construcción,200,3336,6.1
2026-04-16,proyecto nave 7 estación tycho,189,3347,6.1
2026-04-16,integración motores nave 7,198,3417,6.1
2026-04-16,tycho estación aduanas muelle,54,1862,11.5
2026-04-16,opa formación seguridad muelle,54,1830,11.5
2026-04-17,materiales estación tycho sector 7,274,6161,7.2
2026-04-17,construcción estación tycho sector 7,288,6343,7.2
2026-04-17,suministros sector 7 tycho,291,6496,7.2
2026-04-17,nave 7 tycho construcción,189,3507,6.1
2026-04-17,proyecto nave 7 estación tycho,197,3384,6.1
2026-04-17,integración motores nave 7,198,3385,6.1
2026-04-17,tycho estación aduanas muelle,56,1819,11.5
2026-04-17,opa formación seguridad muelle,54,1760,11.5
2026-04-18,materiales estación tycho sector 7,228,5165,7.2
2026-04-18,construcción estación tycho sector 7,238,5038,7.2
2026-04-18,suministros sector 7 tycho,242,5282,7.2
2026-04-18,nave 7 tycho construcción,173,2915,6.1
2026-04-18,proyecto nave 7 estación tycho,159,2961,6.1
2026-04-18,integración motores nave 7,167,3025,6.1
2026-04-18,tycho estación aduanas muelle,49,1462,11.5
2026-04-18,opa formación seguridad muelle,48,1542,11.5
2026-04-19,materiales estación tycho sector 7,248,5475,7.2
2026-04-19,construcción estación tycho sector 7,232,5161,7.2
2026-04-19,suministros sector 7 tycho,244,5397,7.2
2026-04-19,nave 7 tycho construcción,170,2863,6.1
2026-04-19,proyecto nave 7 estación tycho,171,2811,6.1
2026-04-19,integración motores nave 7,167,2869,6.1
2026-04-19,tycho estación aduanas muelle,47,1573,11.5
2026-04-19,opa formación seguridad muelle,47,1481,11.5
2026-04-20,materiales estación tycho sector 7,285,6329,7.2
2026-04-20,construcción estación tycho sector 7,293,6138,7.2
2026-04-20,suministros sector 7 tycho,267,6112,7.2
2026-04-20,nave 7 tycho construcción,186,3287,6.1
2026-04-20,proyecto nave 7 estación tycho,201,3450,6.1
2026-04-20,integración motores nave 7,202,3383,6.1
2026-04-20,tycho estación aduanas muelle,55,1885,11.5
2026-04-20,opa formación seguridad muelle,53,1786,11.5
2026-04-21,materiales estación tycho sector 7,274,5985,7.2
2026-04-21,construcción estación tycho sector 7,278,5905,7.2
2026-04-21,suministros sector 7 tycho,287,6028,7.2
2026-04-21,nave 7 tycho construcción,204,3344,6.1
2026-04-21,proyecto nave 7 estación tycho,187,3492,6.1
2026-04-21,integración motores nave 7,201,3515,6.1
2026-04-21,tycho estación aduanas muelle,57,1743,11.5
2026-04-21,opa formación seguridad muelle,54,1831,11.5
2026-04-22,materiales estación tycho sector 7,285,6237,7.2
2026-04-22,construcción estación tycho sector 7,268,6089,7.2
2026-04-22,suministros sector 7 tycho,287,6147,7.2
2026-04-22,nave 7 tycho construcción,199,3384,6.1
2026-04-22,proyecto nave 7 estación tycho,196,3476,6.1
2026-04-22,integración motores nave 7,204,3382,6.1
2026-04-22,tycho estación aduanas muelle,54,1723,11.5
2026-04-22,opa formación seguridad muelle,57,1814,11.5
2026-04-23,materiales estación tycho sector 7,273,6121,7.2
2026-04-23,construcción estación tycho sector 7,277,5953,7.2
2026-04-23,suministros sector 7 tycho,276,6441,7.2
2026-04-23,nave 7 tycho construcción,202,3285,6.1
2026-04-23,proyecto nave 7 estación tycho,204,3468,6.1
2026-04-23,integración motores nave 7,194,3531,6.1
2026-04-23,tycho estación aduanas muelle,56,1876,11.5
2026-04-23,opa formación seguridad muelle,54,1886,11.5
2026-04-24,materiales estación tycho sector 7,270,6287,7.2
2026-04-24,construcción estación tycho sector 7,272,6148,7.2
2026-04-24,suministros sector 7 tycho,271,6342,7.2
2026-04-24,nave 7 tycho construcción,202,3262,6.1
2026-04-24,proyecto nave 7 estación tycho,189,3434,6.1
2026-04-24,integración motores nave 7,188,3371,6.1
2026-04-24,tycho estación aduanas muelle,55,1830,11.5
2026-04-24,opa formación seguridad muelle,54,1742,11.5
2026-04-25,materiales estación tycho sector 7,238,5137,7.2
2026-04-25,construcción estación tycho sector 7,227,5143,7.2
2026-04-25,suministros sector 7 tycho,246,5102,7.2
2026-04-25,nave 7 tycho construcción,162,3012,6.1
2026-04-25,proyecto nave 7 estación tycho,162,2858,6.1
2026-04-25,integración motores nave 7,167,2907,6.1
2026-04-25,tycho estación aduanas muelle,45,1584,11.5
2026-04-25,opa formación seguridad muelle,48,1598,11.5
2026-04-26,materiales estación tycho sector 7,231,5377,7.2
2026-04-26,construcción estación tycho sector 7,232,5275,7.2
2026-04-26,suministros sector 7 tycho,245,5276,7.2
2026-04-26,nave 7 tycho construcción,166,2820,6.1
2026-04-26,proyecto nave 7 estación tycho,163,3011,6.1
2026-04-26,integración motores nave 7,173,2778,6.1
2026-04-26,tycho estación aduanas muelle,46,1606,11.5
2026-04-26,opa formación seguridad muelle,47,1493,11.5
2026-04-27,materiales estación tycho sector 7,288,5948,7.2
2026-04-27,construcción estación tycho sector 7,288,6016,7.2
2026-04-27,suministros sector 7 tycho,280,6136,7.2
2026-04-27,nave 7 tycho construcción,197,3545,6.1
2026-04-27,proyecto nave 7 estación tycho,203,3544,6.1
2026-04-27,integración motores nave 7,196,3496,6.1
2026-04-27,tycho estación aduanas muelle,55,1874,11.5
2026-04-27,opa formación seguridad muelle,53,1812,11.5
2026-04-28,materiales estación tycho sector 7,292,6283,7.2
2026-04-28,construcción estación tycho sector 7,292,6272,7.2
2026-04-28,suministros sector 7 tycho,269,6235,7.2
2026-04-28,nave 7 tycho construcción,188,3254,6.1
2026-04-28,proyecto nave 7 estación tycho,196,3285,6.1
2026-04-28,integración motores nave 7,192,3492,6.1
2026-04-28,tycho estación aduanas muelle,58,1733,11.5
2026-04-28,opa formación seguridad muelle,53,1744,11.5
2026-04-29,materiales estación tycho sector 7,266,6345,7.2
2026-04-29,construcción estación tycho sector 7,266,5925,7.2
2026-04-29,suministros sector 7 tycho,271,6281,7.2
2026-04-29,nave 7 tycho construcción,189,3346,6.1
2026-04-29,proyecto nave 7 estación tycho,203,3434,6.1
2026-04-29,integración motores nave 7,187,3299,6.1
2026-04-29,tycho estación aduanas muelle,57,1758,11.5
2026-04-29,opa formación seguridad muelle,55,1741,11.5
2026-04-30,materiales estación tycho sector 7,281,6162,7.2
2026-04-30,construcción estación tycho sector 7,272,6296,7.2
2026-04-30,suministros sector 7 tycho,273,6115,7.2
2026-04-30,nave 7 tycho construcción,203,3413,6.1
2026-04-30,proyecto nave 7 estación tycho,202,3246,6.1
2026-04-30,integración motores nave 7,196,3405,6.1
2026-04-30,tycho estación aduanas muelle,53,1761,11.5
2026-04-30,opa formación seguridad muelle,54,1782,11.5
2026-05-01,materiales estación tycho sector 7,269,6342,7.2
2026-05-01,construcción estación tycho sector 7,282,5997,7.2
2026-05-01,suministros sector 7 tycho,269,5978,7.2
2026-05-01,nave 7 tycho construcción,188,3434,6.1
2026-05-01,proyecto nave 7 estación tycho,197,3392,6.1
2026-05-01,integración motores nave 7,197,3263,6.1
2026-05-01,tycho estación aduanas muelle,56,1720,11.5
2026-05-01,opa formación seguridad muelle,58,1765,11.5
2026-05-02,materiales estación tycho sector 7,230,5341,7.2
2026-05-02,construcción estación tycho sector 7,227,5113,7.2
2026-05-02,suministros sector 7 tycho,240,5512,7.2
2026-05-02,nave 7 tycho construcción,165,2936,6.1
2026-05-02,proyecto nave 7 estación tycho,168,2863,6.1
2026-05-02,integración motores nave 7,161,2992,6.1
2026-05-02,tycho estación aduanas muelle,48,1535,11.5
2026-05-02,opa formación seguridad muelle,47,1461,11.5
2026-05-03,materiales estación tycho sector 7,230,5160,7.2
2026-05-03,construcción estación tycho sector 7,239,5029,7.2
2026-05-03,suministros sector 7 tycho,244,5392,7.2
2026-05-03,nave 7 tycho construcción,158,3008,6.1
2026-05-03,proyecto nave 7 estación tycho,161,2803,6.1
2026-05-03,integración motores nave 7,169,2917,6.1
2026-05-03,tycho estación aduanas muelle,47,1605,11.5
2026-05-03,opa formación seguridad muelle,48,1507,11.5
2026-05-04,materiales estación tycho sector 7,288,6364,7.2
2026-05-04,construcción estación tycho sector 7,280,6076,7.2
2026-05-04,suministros sector 7 tycho,279,6334,7.2
2026-05-04,nave 7 tycho construcción,191,3471,6.1
2026-05-04,proyecto nave 7 estación tycho,203,3568,6.1
2026-05-04,integración motores nave 7,195,3304,6.1
2026-05-04,tycho estación aduanas muelle,56,1759,11.5
2026-05-04,opa formación seguridad muelle,53,1831,11.5
2026-05-05,materiales estación tycho sector 7,294,6013,7.2
2026-05-05,construcción estación tycho sector 7,287,6194,7.2
2026-05-05,suministros sector 7 tycho,279,6002,7.2
2026-05-05,nave 7 tycho construcción,200,3304,6.1
2026-05-05,proyecto nave 7 estación tycho,203,3516,6.1
2026-05-05,integración motores nave 7,185,3425,6.1
2026-05-05,tycho estación aduanas muelle,55,1754,11.5
2026-05-05,opa formación seguridad muelle,56,1858,11.5
2026-05-06,materiales estación tycho sector 7,273,6030,7.2
2026-05-06,construcción estación tycho sector 7,273,5978,7.2
2026-05-06,suministros sector 7 tycho,279,6093,7.2
2026-05-06,nave 7 tycho construcción,192,3329,6.1
2026-05-06,proyecto nave 7 estación tycho,188,3349,6.1
2026-05-06,integración motores nave 7,191,3262,6.1
2026-05-06,tycho estación aduanas muelle,53,1776,11.5
2026-05-06,opa formación seguridad muelle,54,1863,11.5
2026-05-07,materiales estación tycho sector 7,289,5980,7.2
2026-05-07,construcción estación tycho sector 7,266,6062,7.2
2026-05-07,suministros sector 7 tycho,266,6127,7.2
2026-05-07,nave 7 tycho construcción,196,3416,6.1
2026-05-07,proyecto nave 7 estación tycho,190,3502,6.1
2026-05-07,integración motores nave 7,188,3465,6.1
2026-05-07,tycho estación aduanas muelle,55,1817,11.5
2026-05-07,opa formación seguridad muelle,53,1769,11.5
2026-05-08,materiales estación tycho sector 7,282,6056,7.2
2026-05-08,construcción estación tycho sector 7,289,6122,7.2
2026-05-08,suministros sector 7 tycho,286,6135,7.2
2026-05-08,nave 7 tycho construcción,195,3554,6.1
2026-05-08,proyecto nave 7 estación tycho,200,3315,6.1
2026-05-08,integración motores nave 7,193,3503,6.1
2026-05-08,tycho estación aduanas muelle,53,1759,11.5
2026-05-08,opa formación seguridad muelle,52,1869,11.5
2026-05-09,materiales estación tycho sector 7,240,5463,7.2
2026-05-09,construcción estación tycho sector 7,229,5490,7.2
2026-05-09,suministros sector 7 tycho,233,5319,7.2
2026-05-09,nave 7 tycho construcción,159,2879,6.1
2026-05-09,proyecto nave 7 estación tycho,173,3020,6.1
2026-05-09,integración motores nave 7,165,2802,6.1
2026-05-09,tycho estación aduanas muelle,46,1598,11.5
2026-05-09,opa formación seguridad muelle,47,1457,11.5
2026-05-10,materiales estación tycho sector 7,228,5186,7.2
2026-05-10,construcción estación tycho sector 7,230,5422,7.2
2026-05-10,suministros sector 7 tycho,245,5015,7.2
2026-05-10,nave 7 tycho construcción,166,2778,6.1
2026-05-10,proyecto nave 7 estación tycho,166,3029,6.1
2026-05-10,integración motores nave 7,158,2890,6.1
2026-05-10,tycho estación aduanas muelle,48,1503,11.5
2026-05-10,opa formación seguridad muelle,45,1576,11.5
2026-05-11,materiales estación tycho sector 7,286,6139,7.2
2026-05-11,construcción estación tycho sector 7,283,6124,7.2
2026-05-11,suministros sector 7 tycho,289,6313,7.2
2026-05-11,nave 7 tycho construcción,202,3552,6.1
2026-05-11,proyecto nave 7 estación tycho,187,3326,6.1
2026-05-11,integración motores nave 7,195,3453,6.1
2026-05-11,tycho estación aduanas muelle,58,1835,11.5
2026-05-11,opa formación seguridad muelle,54,1879,11.5
2026-05-12,materiales estación tycho sector 7,290,6492,7.2
2026-05-12,construcción estación tycho sector 7,286,6311,7.2
2026-05-12,suministros sector 7 tycho,268,6406,7.2
2026-05-12,nave 7 tycho construcción,201,3451,6.1
2026-05-12,proyecto nave 7 estación tycho,188,3395,6.1
2026-05-12,integración motores nave 7,189,3248,6.1
2026-05-12,tycho estación aduanas muelle,57,1780,11.5
2026-05-12,opa formación seguridad muelle,56,1779,11.5
2026-05-13,materiales estación tycho sector 7,274,6456,7.2
2026-05-13,construcción estación tycho sector 7,275,6360,7.2
2026-05-13,suministros sector 7 tycho,294,6277,7.2
2026-05-13,nave 7 tycho construcción,187,3306,6.1
2026-05-13,proyecto nave 7 estación tycho,190,3366,6.1
2026-05-13,integración motores nave 7,204,3562,6.1
2026-05-13,tycho estación aduanas muelle,55,1861,11.5
2026-05-13,opa formación seguridad muelle,54,1752,11.5
2026-05-14,materiales estación tycho sector 7,290,6009,7.2
2026-05-14,construcción estación tycho sector 7,278,6191,7.2
2026-05-14,suministros sector 7 tycho,283,6432,7.2
2026-05-14,nave 7 tycho construcción,190,3243,6.1
2026-05-14,proyecto nave 7 estación tycho,192,3390,6.1
2026-05-14,integración motores nave 7,189,3310,6.1
2026-05-14,tycho estación aduanas muelle,53,1720,11.5
2026-05-14,opa formación seguridad muelle,55,1846,11.5
2026-05-15,materiales estación tycho sector 7,266,5961,7.2
2026-05-15,construcción estación tycho sector 7,270,6061,7.2
2026-05-15,suministros sector 7 tycho,281,5907,7.2
2026-05-15,nave 7 tycho construcción,194,3408,6.1
2026-05-15,proyecto nave 7 estación tycho,200,3470,6.1
2026-05-15,integración motores nave 7,195,3559,6.1
2026-05-15,tycho estación aduanas muelle,53,1862,11.5
2026-05-15,opa formación seguridad muelle,57,1827,11.5
2026-05-16,materiales estación tycho sector 7,227,5281,7.2
2026-05-16,construcción estación tycho sector 7,249,5050,7.2
2026-05-16,suministros sector 7 tycho,245,5381,7.2
2026-05-16,nave 7 tycho construcción,168,2973,6.1
2026-05-16,proyecto nave 7 estación tycho,163,2945,6.1
2026-05-16,integración motores nave 7,174,2812,6.1
2026-05-16,tycho estación aduanas muelle,45,1491,11.5
2026-05-16,opa formación seguridad muelle,44,1514,11.5
2026-05-17,materiales estación tycho sector 7,241,5176,7.2
2026-05-17,construcción estación tycho sector 7,237,5319,7.2
2026-05-17,suministros sector 7 tycho,231,5515,7.2
2026-05-17,nave 7 tycho construcción,166,2759,6.1
2026-05-17,proyecto nave 7 estación tycho,169,2996,6.1
2026-05-17,integración motores nave 7,170,2887,6.1
2026-05-17,tycho estación aduanas muelle,47,1537,11.5
2026-05-17,opa formación seguridad muelle,48,1543,11.5
2026-05-18,materiales estación tycho sector 7,267,6077,7.2
2026-05-18,construcción estación tycho sector 7,270,6135,7.2
2026-05-18,suministros sector 7 tycho,286,6177,7.2
2026-05-18,nave 7 tycho construcción,192,3341,6.1
2026-05-18,proyecto nave 7 estación tycho,192,3333,6.1
2026-05-18,integración motores nave 7,192,3474,6.1
2026-05-18,tycho estación aduanas muelle,56,1813,11.5
2026-05-18,opa formación seguridad muelle,53,1769,11.5
2026-05-19,materiales estación tycho sector 7,274,5988,7.2
2026-05-19,construcción estación tycho sector 7,273,6059,7.2
2026-05-19,suministros sector 7 tycho,283,6337,7.2
2026-05-19,nave 7 tycho construcción,198,3318,6.1
2026-05-19,proyecto nave 7 estación tycho,197,3274,6.1
2026-05-19,integración motores nave 7,187,3559,6.1
2026-05-19,tycho estación aduanas muelle,56,1857,11.5
2026-05-19,opa formación seguridad muelle,55,1716,11.5
2026-05-20,materiales estación tycho sector 7,273,6009,7.2
2026-05-20,construcción estación tycho sector 7,277,6403,7.2
2026-05-20,suministros sector 7 tycho,277,6332,7.2
2026-05-20,nave 7 tycho construcción,196,3333,6.1
2026-05-20,proyecto nave 7 estación tycho,192,3424,6.1
2026-05-20,integración motores nave 7,204,3338,6.1
2026-05-20,tycho estación aduanas muelle,54,1872,11.5
2026-05-20,opa formación seguridad muelle,54,1765,11.5
2026-05-21,materiales estación tycho sector 7,282,5901,7.2
2026-05-21,construcción estación tycho sector 7,291,6243,7.2
2026-05-21,suministros sector 7 tycho,294,6158,7.2
2026-05-21,nave 7 tycho construcción,188,3470,6.1
2026-05-21,proyecto nave 7 estación tycho,186,3291,6.1
2026-05-21,integración motores nave 7,187,3288,6.1
2026-05-21,tycho estación aduanas muelle,55,1818,11.5
2026-05-21,opa formación seguridad muelle,56,1834,11.5
2026-05-22,materiales estación tycho sector 7,276,6340,7.2
2026-05-22,construcción estación tycho sector 7,288,6357,7.2
2026-05-22,suministros sector 7 tycho,269,6134,7.2
2026-05-22,nave 7 tycho construcción,205,3425,6.1
2026-05-22,proyecto nave 7 estación tycho,187,3255,6.1
2026-05-22,integración motores nave 7,196,3313,6.1
2026-05-22,tycho estación aduanas muelle,55,1712,11.5
2026-05-22,opa formación seguridad muelle,57,1868,11.5
2026-05-23,materiales estación tycho sector 7,228,5287,7.2
2026-05-23,construcción estación tycho sector 7,249,5030,7.2
2026-05-23,suministros sector 7 tycho,241,5407,7.2
2026-05-23,nave 7 tycho construcción,160,2886,6.1
2026-05-23,proyecto nave 7 estación tycho,167,2823,6.1
2026-05-23,integración motores nave 7,165,2746,6.1
2026-05-23,tycho estación aduanas muelle,45,1559,11.5
2026-05-23,opa formación seguridad muelle,46,1519,11.5
2026-05-24,materiales estación tycho sector 7,232,5446,7.2
2026-05-24,construcción estación tycho sector 7,249,5010,7.2
2026-05-24,suministros sector 7 tycho,240,5518,7.2
2026-05-24,nave 7 tycho construcción,162,2773,6.1
2026-05-24,proyecto nave 7 estación tycho,162,2876,6.1
2026-05-24,integración motores nave 7,162,2932,6.1
2026-05-24,tycho estación aduanas muelle,49,1531,11.5
2026-05-24,opa formación seguridad muelle,48,1504,11.5
2026-05-25,materiales estación tycho sector 7,281,5910,7.2
2026-05-25,construcción estación tycho sector 7,283,6495,7.2
2026-05-25,suministros sector 7 tycho,280,6218,7.2
2026-05-25,nave 7 tycho construcción,193,3493,6.1
2026-05-25,proyecto nave 7 estación tycho,189,3359,6.1
2026-05-25,integración motores nave 7,202,3552,6.1
2026-05-25,tycho estación aduanas muelle,56,1770,11.5
2026-05-25,opa formación seguridad muelle,54,1757,11.5
2026-05-26,materiales estación tycho sector 7,294,5908,7.2
2026-05-26,construcción estación tycho sector 7,293,5993,7.2
2026-05-26,suministros sector 7 tycho,275,6155,7.2
2026-05-26,nave 7 tycho construcción,201,3327,6.1
2026-05-26,proyecto nave 7 estación tycho,188,3295,6.1
2026-05-26,integración motores nave 7,189,3429,6.1
2026-05-26,tycho estación aduanas muelle,53,1847,11.5
2026-05-26,opa formación seguridad muelle,58,1790,11.5
2026-05-27,materiales estación tycho sector 7,278,6508,7.2
2026-05-27,construcción estación tycho sector 7,280,6019,7.2
2026-05-27,suministros sector 7 tycho,280,6321,7.2
2026-05-27,nave 7 tycho construcción,195,3408,6.1
2026-05-27,proyecto nave 7 estación tycho,199,3253,6.1
2026-05-27,integración motores nave 7,196,3313,6.1
2026-05-27,tycho estación aduanas muelle,53,1828,11.5
2026-05-27,opa formación seguridad muelle,54,1853,11.5
2026-05-28,materiales estación tycho sector 7,279,6291,7.2
2026-05-28,construcción estación tycho sector 7,276,6080,7.2
2026-05-28,suministros sector 7 tycho,266,6211,7.2
2026-05-28,nave 7 tycho construcción,191,3267,6.1
2026-05-28,proyecto nave 7 estación tycho,190,3516,6.1
2026-05-28,integración motores nave 7,191,3387,6.1
2026-05-28,tycho estación aduanas muelle,55,1746,11.5
2026-05-28,opa formación seguridad muelle,56,1875,11.5
2026-05-29,materiales estación tycho sector 7,271,5993,7.2
2026-05-29,construcción estación tycho sector 7,270,6148,7.2
2026-05-29,suministros sector 7 tycho,281,6200,7.2
2026-05-29,nave 7 tycho construcción,192,3276,6.1
2026-05-29,proyecto nave 7 estación tycho,198,3283,6.1
2026-05-29,integración motores nave 7,188,3422,6.1
2026-05-29,tycho estación aduanas muelle,55,1817,11.5
2026-05-29,opa formación seguridad muelle,52,1837,11.5
2026-05-30,materiales estación tycho sector 7,227,5512,7.2
2026-05-30,construcción estación tycho sector 7,234,5023,7.2
2026-05-30,suministros sector 7 tycho,245,5019,7.2
2026-05-30,nave 7 tycho construcción,158,2921,6.1
2026-05-30,proyecto nave 7 estación tycho,158,2849,6.1
2026-05-30,integración motores nave 7,160,2967,6.1
2026-05-30,tycho estación aduanas muelle,45,1524,11.5
2026-05-30,opa formación seguridad muelle,45,1539,11.5
2026-05-31,materiales estación tycho sector 7,246,5130,7.2
2026-05-31,construcción estación tycho sector 7,235,5183,7.2
2026-05-31,suministros sector 7 tycho,243,5347,7.2
2026-05-31,nave 7 tycho construcción,173,2891,6.1
2026-05-31,proyecto nave 7 estación tycho,164,3034,6.1
2026-05-31,integración motores nave 7,168,2778,6.1
2026-05-31,tycho estación aduanas muelle,48,1567,11.5
2026-05-31,opa formación seguridad muelle,46,1543,11.5
2026-06-01,materiales estación tycho sector 7,274,6146,7.2
2026-06-01,construcción estación tycho sector 7,271,6419,7.2
2026-06-01,suministros sector 7 tycho,292,6272,7.2
2026-06-01,nave 7 tycho construcción,189,3334,6.1
2026-06-01,proyecto nave 7 estación tycho,185,3565,6.1
2026-06-01,integración motores nave 7,196,3383,6.1
2026-06-01,tycho estación aduanas muelle,54,1780,11.5
2026-06-01,opa formación seguridad muelle,53,1798,11.5
2026-06-02,materiales estación tycho sector 7,277,5929,7.2
2026-06-02,construcción estación tycho sector 7,286,6195,7.2
2026-06-02,suministros sector 7 tycho,272,6326,7.2
2026-06-02,nave 7 tycho construcción,198,3371,6.1
2026-06-02,proyecto nave 7 estación tycho,202,3457,6.1
2026-06-02,integración motores nave 7,202,3436,6.1
2026-06-02,tycho estación aduanas muelle,55,1733,11.5
2026-06-02,opa formación seguridad muelle,56,1769,11.5
2026-06-03,materiales estación tycho sector 7,249,5950,7.2
2026-06-03,construcción estación tycho sector 7,239,5991,7.2
2026-06-03,suministros sector 7 tycho,257,6490,7.2
2026-06-03,nave 7 tycho construcción,212,3459,5.9
2026-06-03,proyecto nave 7 estación tycho,204,3603,5.9
2026-06-03,integración motores nave 7,209,3650,5.9
2026-06-03,tycho estación aduanas muelle,57,1763,11.5
2026-06-03,opa formación seguridad muelle,53,1779,11.5
2026-06-04,materiales estación tycho sector 7,240,6050,7.6
2026-06-04,construcción estación tycho sector 7,219,6147,7.6
2026-06-04,suministros sector 7 tycho,219,5939,7.6
2026-06-04,nave 7 tycho construcción,223,3438,5.9
2026-06-04,proyecto nave 7 estación tycho,230,3406,5.9
2026-06-04,integración motores nave 7,229,3495,5.9
2026-06-04,tycho estación aduanas muelle,55,1796,11.5
2026-06-04,opa formación seguridad muelle,55,1728,11.5
2026-06-05,materiales estación tycho sector 7,196,6290,8.0
2026-06-05,construcción estación tycho sector 7,195,5988,8.0
2026-06-05,suministros sector 7 tycho,209,6069,8.0
2026-06-05,nave 7 tycho construcción,256,3421,5.9
2026-06-05,proyecto nave 7 estación tycho,258,3735,5.9
2026-06-05,integración motores nave 7,257,3542,5.9
2026-06-05,tycho estación aduanas muelle,53,1851,11.5
2026-06-05,opa formación seguridad muelle,54,1794,11.5
